id;title;type;issue_date;file;file_content_type;file_content_type;citizen_id
1;utter hexagon dim;or concentration;2025-08-03T17:35:26;../fake-data/blob/hipster.png;image/png;demob wherever;27949
2;lest energetically undergo;wing;2025-08-03T02:44:29;../fake-data/blob/hipster.png;image/png;pink;505
3;or self-assured;vastly;2025-08-03T06:18:21;../fake-data/blob/hipster.png;image/png;notwithstanding equal when;12992
4;communicate noteworthy;however zesty;2025-08-03T15:29:55;../fake-data/blob/hipster.png;image/png;ouch positively embody;1963
5;since;eek;2025-08-03T03:27:35;../fake-data/blob/hipster.png;image/png;innocently wobbly tectonics;5671
6;irresponsible barring;yippee instead beep;2025-08-03T13:29:15;../fake-data/blob/hipster.png;image/png;duffel yuck;12637
7;amidst passport;exasperation;2025-08-03T19:25:40;../fake-data/blob/hipster.png;image/png;whether where familiar;20785
8;eek;aha scarcely at;2025-08-03T16:42:11;../fake-data/blob/hipster.png;image/png;fooey monthly bah;8859
9;huzzah;nauseate;2025-08-02T23:07:03;../fake-data/blob/hipster.png;image/png;indeed browse hidden;31016
10;daintily assail woot;soap overburden ouch;2025-08-02T21:38:26;../fake-data/blob/hipster.png;image/png;ew prejudge;13728
